,HLM
849,13.565
820,39.12
886,96.47
1288,99.0
414,43.293
1815,92.4
1109,85.447
1530,85.971
743,3.109
476,44.01
2908,26.945
1869,75.69
1203,24.206
762,4.434
988,93.962
3054,6.111
1615,8.485
271,2.69
3284,11.75
1992,99.0
3058,93.56
1501,99.0
672,90.953
1897,58.782
655,51.12
2561,96.51
1180,55.518
700,1.18
1717,99.05
3134,0.629
590,25.48
2698,56.647
1386,68.908
314,14.68
119,99.9
3082,99.99
2488,80.613
2452,98.738
3013,15.62
1424,96.513
2361,95.86
942,0.091
3155,18.489
3229,26.635
831,92.642
215,2.05
392,29.67
27,99.0
752,83.783
478,26.21
1448,83.85
1548,28.75
909,99.0
3239,54.51
2454,43.7
619,17.99
2332,0.038
2390,68.63
2224,64.922
2128,51.796
132,99.99
283,25.246
1952,91.23
563,6.37
921,83.332
1939,16.74
969,4.862
2549,95.92
913,99.37
3170,99.0
2238,2.84
2601,70.244
723,83.09
2415,99.99
2777,60.28
1818,0.5
1027,98.203
597,86.901
1338,43.993
1061,11.395
997,61.436
2759,3.43
1830,91.534
1569,57.878
2890,92.07
653,0.406
1412,39.32
3268,0.23
3033,99.0
2202,0.5
667,99.99
3212,41.86
878,3.64
1929,50.327
340,99.9
2773,4.829
2233,7.69
1757,0.191
1633,66.693
3481,69.465
1936,90.355
518,49.553
2460,99.99
766,82.209
3460,41.652
2429,27.139
906,99.454
3222,42.72
2598,71.9
1212,7.54
838,6.47
268,72.3
1049,0.109
1281,99.9
2987,43.25
2491,4.253
107,82.11
2925,81.85
3478,6.38
1081,0.14
1603,0.431
731,99.9
1354,6.173
3111,99.952
238,65.423
2065,37.062
2577,79.77
1184,53.787
2906,92.77
1336,0.195
1368,92.35
1857,77.99
1583,54.83
3329,75.16
1158,96.17
3038,66.86
1290,54.715
912,84.143
204,2.37
190,41.28
487,1.9
2064,0.69
438,42.046
244,21.14
609,36.207
2113,65.183
2992,99.99
2604,99.9
1183,40.107
2226,42.1
2876,72.68
2447,99.0
1618,87.68
1980,71.14
1079,99.0
1503,37.633
1742,99.99
426,73.177
3317,0.33
3156,70.51
2295,19.88
2372,99.9
943,41.424
3027,99.9
2318,49.49
3208,85.76
812,4.1
459,1.541
2066,62.509
933,99.0
303,99.9
2316,1.4
1138,76.8
676,64.89
2100,89.058
144,9.868
1363,99.0
2510,99.0
41,37.138
3328,83.91
3210,70.61
1555,0.27
1276,6.62
2355,95.38
1961,94.51
2348,99.99
2123,29.25
3308,21.044
2031,2.81
3192,56.429
390,21.943
2548,43.79
2401,9.522
1779,0.023
3022,0.57
251,14.81
1620,99.99
357,43.534
1990,64.03
3293,94.47
1357,22.135
232,62.249
610,78.45
2270,45.73
1491,99.0
1955,71.63
937,99.0
781,26.16
1977,70.669
68,95.61
993,77.79
1190,72.304
3237,76.67
1224,99.9
1268,0.772
2494,87.77
2846,91.91
3020,0.65
3145,62.64
2255,99.9
1463,94.49
3274,99.99
3383,78.743
3063,91.44
636,88.42
784,92.88
522,84.869
1982,3.404
2490,49.341
1489,68.795
1083,31.56
1017,71.08
1845,12.063
2576,99.99
1244,14.15
2739,0.06
145,13.13
8,71.471
1959,1.603
2621,8.73
2585,3.65
162,2.8
2580,92.59
1462,93.079
1106,0.12
2702,99.9
359,0.685
486,35.86
1187,43.43
13,63.68
1231,73.541
3001,77.008
1953,28.199
379,99.99
2575,36.574
1793,86.729
2108,57.848
757,99.24
1063,86.78
1418,67.996
1547,59.95
2848,99.9
1055,64.592
2434,40.79
1772,0.0
966,22.57
2740,93.31
59,88.29
3122,81.251
963,1.976
3062,40.0
1074,73.72
1388,4.371
3413,9.68
2049,68.49
2424,16.17
2027,43.13
3344,66.346
2468,79.92
440,78.92
1972,99.99
477,59.52
3193,82.89
1117,99.99
715,96.8
3246,16.67
3241,5.807
3059,80.763
6,69.25
125,85.828
2001,48.37
708,1.0
3095,12.42
1646,32.1
391,0.99
2266,0.872
220,32.47
1949,64.581
2351,0.69
1238,4.93
1041,85.38
58,92.459
568,23.594
813,99.08
3410,51.225
703,97.24
2978,35.558
261,0.07
2366,78.7
2299,27.267
1612,99.99
1293,49.818
1173,1.33
2994,99.99
1136,99.14
717,85.38
1025,99.9
384,53.9
588,0.21
1474,89.5
2258,97.85
2029,33.33
3165,81.67
1766,1.86
1496,79.537
2572,73.839
855,73.98
3150,92.84
2267,70.065
2789,0.803
3406,99.9
3129,98.49
3128,89.375
1056,82.725
819,96.87
2923,65.96
2651,0.0
2114,45.02
455,99.08
52,0.12
2707,39.675
20,83.03
3042,1.18
2198,54.713
194,79.441
3461,16.029
1647,99.9
1086,66.74
3161,0.0
1217,95.92
264,87.669
3201,27.77
2048,5.65
1917,81.77
2320,9.61
2057,27.95
2695,0.07
318,1.304
579,48.6
1765,80.42
2835,0.88
2174,77.08
48,76.87
2033,1.0
803,2.039
3075,13.114
223,0.0
585,96.875
3342,76.63
1835,9.045
1235,28.21
3004,81.472
829,57.01
2962,46.77
2409,91.896
2041,20.35
1493,16.739
964,40.54
2005,67.919
1315,60.612
1147,96.922
286,51.784
1222,54.158
2327,99.99
2350,27.439
2708,57.98
1230,35.471
97,0.78
1099,58.33
3105,11.344
3021,73.25
3035,17.971
795,98.55
1476,0.29
1604,31.4
285,44.323
557,44.93
3077,99.99
1999,5.86
1751,78.57
3449,83.174
315,83.581
1739,61.355
926,69.853
133,14.07
2515,61.25
1606,14.012
2239,9.542
602,0.51
1771,4.909
1103,67.63
1399,99.9
1784,1.82
3256,26.8
949,99.99
1477,99.9
996,33.995
2927,78.463
1458,63.412
11,94.151
1790,92.82
3289,96.021
3386,61.686
2013,34.03
442,2.339
1643,83.143
3158,1.26
157,8.15
1895,43.96
2840,0.25
505,26.542
1245,59.39
1687,98.65
2726,7.766
18,91.84
1593,1.123
200,94.702
2124,39.657
3312,23.725
1452,99.0
2208,1.095
646,66.09
1519,91.75
772,59.29
47,1.34
3440,80.86
3304,23.146
2144,0.008
1642,99.9
1199,40.068
3365,63.78
1485,40.54
1430,9.22
2765,3.965
2072,63.49
1001,0.235
2104,63.82
897,81.986
1062,26.672
657,1.021
1902,49.01
2970,6.53
3060,94.598
1252,0.214
2874,55.587
1010,3.069
3140,52.425
413,99.99
2326,1.022
254,99.9
2285,93.535
2696,47.04
1260,83.06
684,60.275
300,59.78
128,0.412
1054,99.0
1837,99.99
1855,33.95
1257,99.0
1105,43.995
846,0.35
3422,99.99
1334,47.26
386,0.0
651,37.4
3199,1.0
2432,62.36
3023,70.337
2626,90.986
805,51.601
2087,72.078
366,66.85
2473,52.653
2675,99.99
2346,98.83
1301,62.13
3409,83.9
3316,0.77
2426,76.214
1411,73.34
3270,99.9
1692,84.871
1712,99.99
1263,99.99
1648,91.64
458,99.0
2563,2.7
1211,42.192
1012,76.804
1957,58.29
1240,42.53
3202,33.545
3101,52.7
1030,35.78
3046,4.831
1728,73.438
87,14.71
3066,0.204
1191,60.913
1512,99.99
1813,77.22
354,44.01
1018,83.25
2082,6.261
3288,57.66
2034,99.99
876,71.352
444,26.17
161,55.443
2252,99.99
249,21.399
3024,91.42
980,70.252
884,92.88
1989,40.787
1694,25.98
2212,34.42
173,79.209
1881,83.1
2054,89.99
1752,75.079
822,95.95
2635,1.016
665,18.37
1599,44.276
1914,12.25
3010,99.99
2284,4.39
3369,25.2
158,0.0
139,15.588
1900,7.664
574,71.082
2706,84.861
1610,88.41
1965,99.9
773,13.259
2487,14.949
2678,11.629
342,92.76
792,9.615
1000,43.963
2319,75.09
441,69.299
789,90.56
1302,86.47
2761,18.397
1888,62.3
3084,16.16
535,58.374
2427,99.99
916,9.19
1382,65.305
2619,0.393
43,92.78
1885,8.08
3278,81.16
1507,0.08
80,51.47
2342,12.16
270,50.28
2668,45.668
2131,12.74
1923,86.02
475,76.484
532,88.39
3179,68.866
1323,37.02
3470,69.52
3003,99.99
3378,75.96
267,5.29
1509,99.9
233,2.766
2704,88.08
2554,99.9
2229,99.99
1943,31.19
287,0.022
1091,99.99
733,79.195
2859,58.919
512,93.473
810,0.34
2941,27.345
2300,0.28
815,99.99
828,45.9
1261,1.03
1577,61.948
2904,1.0
279,93.96
3351,99.9
1277,49.86
250,0.929
2204,70.607
3188,74.984
2188,4.44
2271,0.14
2088,99.99
1045,99.9
2234,84.684
31,99.0
3494,47.63
864,99.99
3297,54.61
2211,95.849
1737,64.87
2262,99.99
1748,99.0
842,0.69
2667,1.51
1774,69.775
2110,1.38
2656,37.324
2402,99.0
2972,73.932
3326,2.052
2459,79.72
1393,0.46
309,75.55
3357,11.153
3203,28.948
490,66.87
818,57.667
1775,60.36
3277,4.93
2520,86.25
1539,10.57
2570,51.89
3157,103.907
2638,96.809
1538,49.97
1259,18.323
1165,28.286
892,46.004
970,52.304
2012,52.97
2658,92.496
2731,16.15
1188,2.5
2293,69.19
3443,21.397
521,87.77
3275,95.219
393,99.99
77,4.987
1564,78.29
1417,99.9
2137,69.66
262,1.474
198,86.51
1770,3.83
240,79.02
721,32.051
2225,85.34
3353,21.5
2378,6.82
1058,51.002
2190,12.797
799,1.3
2624,74.017
3444,20.67
381,69.279
2829,89.02
2067,69.879
1798,41.45
1036,75.941
1210,1.181
3119,30.02
3099,7.26
1494,99.99
2363,59.331
1515,19.875
106,4.686
1703,33.0
85,0.98
1226,0.26
1039,62.85
474,89.49
1195,76.58
1142,99.99
2975,35.0
2756,91.35
431,91.15
1526,68.28
513,50.764
1725,0.02
1991,86.82
1351,98.87
1678,99.0
2112,84.7
633,3.02
2933,2.286
629,6.624
1656,0.254
2530,91.63
1339,99.99
2244,39.28
2569,99.0
301,99.0
345,99.99
2602,28.78
2652,10.471
2240,99.9
3340,76.287
310,11.733
735,83.87
187,99.99
1322,96.31
3070,79.219
1686,41.6
677,46.34
203,99.0
3459,8.36
415,88.02
516,95.73
917,0.779
2627,99.9
344,45.049
1761,96.83
1588,77.494
294,83.94
1753,34.272
1096,20.247
904,79.58
642,71.442
2886,86.925
3050,12.84
3044,1.65
1892,99.9
2809,32.97
2873,3.371
2574,99.99
1168,99.9
593,45.24
1945,99.99
2770,1.0
260,69.303
3065,2.675
832,18.81
1343,3.821
272,11.68
3031,99.0
1115,75.878
500,18.44
2345,67.5
2328,79.022
2774,98.64
2052,70.93
2504,75.3
2724,99.99
3371,0.0
1319,99.0
2800,0.84
2275,51.143
3447,0.12
1570,92.127
3338,36.39
1836,57.372
3345,78.697
1894,21.03
2805,11.348
2265,95.826
360,0.01
3097,66.06
620,5.293
2480,30.11
986,29.139
34,58.7
690,48.784
3123,71.77
2062,99.9
376,99.99
101,7.948
3336,10.475
1486,9.59
2892,96.35
939,23.438
1601,72.937
946,0.41
1258,99.99
1683,99.99
2522,0.164
2988,63.435
1455,99.0
506,54.577
1543,50.45
1453,77.507
1878,71.829
1205,1.03
2543,12.926
61,83.01
1175,0.699
3484,6.86
2297,72.5
3106,91.036
2797,69.75
456,27.729
1550,10.79
1116,99.9
2500,90.29
519,3.34
394,45.81
2433,0.49
147,61.21
2733,63.677
3390,77.379
50,1.16
72,4.7
3290,79.742
1786,4.89
36,82.29
2979,18.129
2312,12.401
1145,65.45
3466,9.861
2330,30.56
142,63.91
1471,99.9
312,67.703
3483,44.138
2662,99.99
3455,22.1
3408,99.9
2920,7.915
1192,99.99
2170,77.65
1317,82.488
2531,89.962
2565,93.95
3007,10.78
1170,86.63
2527,99.0
2931,22.225
152,77.25
1451,99.0
3343,1.61
1611,1.62
2799,63.957
3166,11.9
1073,47.157
1639,24.897
42,67.631
3036,3.06
5,66.63
55,96.918
2070,36.053
1677,34.33
987,61.725
1067,95.624
2512,19.1
511,61.488
3320,99.99
1738,1.63
2921,71.686
1335,73.19
1710,55.21
241,0.012
2617,87.702
2722,99.99
1665,63.056
255,1.89
3294,59.504
1746,46.6
1279,99.0
871,0.52
2912,87.348
2741,9.758
893,5.018
1419,3.93
1801,3.927
2357,26.94
1854,0.0
915,1.52
3234,99.9
473,15.715
2398,94.961
985,86.07
3490,6.578
3465,0.061
335,75.09
551,75.125
1285,85.103
328,62.26
2918,85.58
2628,9.546
66,87.058
1716,87.545
1942,91.145
2078,89.41
2896,10.71
718,28.49
2140,41.68
2158,88.852
744,56.15
140,86.695
1880,69.299
1097,42.174
1029,99.99
1082,1.2
2347,3.532
2074,99.9
3213,62.854
583,44.15
1841,70.72
3416,31.381
930,75.41
2486,11.446
108,0.0
1119,23.43
1628,75.373
102,29.747
1866,25.01
3322,56.11
1884,99.0
2828,52.74
2952,9.673
3401,2.648
278,77.774
3292,99.99
1669,99.0
185,61.64
2453,5.88
208,75.74
1193,1.0
1220,57.25
1726,21.2
3319,2.23
724,0.28
1733,2.846
3254,59.693
19,42.906
1150,12.657
468,99.99
3377,89.527
54,0.441
1213,99.17
1529,99.9
1859,1.0
2374,83.776
1088,91.81
2493,17.853
3347,21.11
2791,99.9
2307,95.049
1537,0.0
3388,99.0
2291,99.0
1137,82.456
2845,76.96
750,10.9
2161,46.36
1126,31.01
82,68.768
122,89.25
3445,86.26
2518,94.18
3356,70.959
2373,86.1
3276,6.76
3205,1.0
1568,98.713
2277,51.76
2102,99.54
3423,97.45
1372,87.3
2268,61.9
2216,54.264
3107,59.82
689,88.049
1146,99.99
1069,0.02
214,80.945
2207,16.679
2690,65.88
2189,12.6
38,54.414
2902,5.293
2377,79.68
1076,99.99
2983,80.57
3011,54.781
339,83.96
1528,99.0
2993,56.075
293,18.994
1676,23.03
2946,26.434
3492,83.464
978,33.059
2168,0.72
2540,90.877
1661,7.736
2714,0.14
2125,50.065
811,99.99
479,1.736
2645,11.56
974,3.158
1295,49.428
726,43.93
1421,33.27
2717,49.8
3149,31.19
2866,79.992
1008,18.225
3045,28.62
1228,99.99
2310,64.229
434,92.359
2360,99.0
2449,18.491
561,29.192
205,62.5
1682,3.34
3335,88.51
1516,72.919
2688,85.66
658,2.95
3283,5.751
2096,61.28
89,64.05
644,99.99
760,81.449
1050,68.57
823,6.55
1234,68.26
1893,99.0
3414,69.106
1520,2.91
2700,87.68
2725,37.626
143,3.54
785,99.128
2050,23.48
1864,92.17
2143,99.99
2513,6.508
171,35.76
412,75.32
416,62.161
2162,89.69
1294,89.53
2445,31.244
3087,53.332
364,9.551
2666,99.99
740,99.99
73,8.103
2736,2.6
2795,18.07
1265,25.461
1988,21.545
1492,82.79
1216,66.069
2606,18.65
2099,28.56
3227,99.99
1998,99.99
631,0.45
3281,76.067
2670,42.91
1080,99.0
1405,4.2
632,1.0
1456,51.6
2035,94.88
2961,77.06
1851,50.848
3476,91.04
1802,92.328
178,81.019
498,55.4
484,14.18
2764,53.838
2254,1.86
2692,42.63
877,33.103
1166,99.99
1689,99.99
1340,1.35
3432,43.16
2838,96.45
759,56.331
1597,5.751
1356,90.69
3228,4.949
1598,5.852
992,73.696
2093,35.98
3267,99.99
2586,103.72
1843,20.123
2541,12.46
3427,5.87
319,61.01
184,0.0
3374,99.0
2399,5.17
2501,99.99
2028,98.439
839,0.079
2922,20.391
539,1.35
1154,2.48
801,39.28
2249,75.605
1135,0.0
210,32.131
65,36.08
863,50.621
2625,0.15
2587,81.091
1132,87.85
1026,83.56
341,65.177
875,41.797
1506,2.628
372,72.835
889,0.34
3015,73.34
2315,76.322
2600,69.79
1325,74.42
3008,16.86
96,13.036
2288,61.43
2381,96.36
3214,1.37
129,59.847
2119,65.47
1635,55.22
1985,86.12
3385,33.431
2302,31.358
2776,7.15
2911,10.96
370,62.17
1788,48.604
2116,59.04
1820,6.742
994,0.64
881,9.86
737,5.83
231,85.464
377,34.75
2833,99.99
2615,94.34
432,55.83
1361,10.181
1378,3.521
1591,32.79
1143,91.66
172,78.21
1876,7.06
814,99.0
948,38.571
16,66.631
2026,9.03
2020,0.707
3352,24.25
367,99.99
1406,0.075
3435,69.87
3257,65.85
2294,62.87
2416,99.99
2953,66.878
1848,88.07
2661,10.393
1935,2.66
2552,54.35
1624,53.87
3355,72.556
542,92.247
1459,1.0
1668,23.107
1903,56.62
552,57.36
362,99.99
549,99.9
2539,99.9
81,57.27
1730,99.99
3271,89.593
355,96.686
2083,12.307
554,70.507
693,74.853
2597,87.78
649,93.23
2832,96.33
3473,41.78
420,99.9
1229,27.54
1089,99.9
2945,99.99
960,4.787
1164,71.31
371,96.56
3092,49.28
2406,93.006
1575,99.99
1484,5.866
3124,73.242
1858,83.54
258,53.732
769,41.404
2061,29.51
2018,4.63
114,39.402
1816,69.52
1594,98.442
957,56.084
679,19.34
56,22.004
3346,90.89
435,99.9
1057,85.761
155,13.893
2482,98.047
1016,45.256
60,85.03
2077,99.9
782,95.99
35,99.0
2935,21.343
1650,6.382
1060,81.93
358,23.12
1123,1.45
3436,0.45
524,74.94
1200,41.335
2719,72.046
265,63.812
1585,53.713
1664,66.0
1968,0.6
1518,22.666
3358,78.17
2737,4.538
2484,70.051
336,23.153
1156,0.808
887,72.64
494,59.624
580,26.981
3349,65.498
2479,62.952
3300,65.114
1189,67.58
2855,74.2
212,99.99
3485,6.06
1064,1.12
75,64.073
3127,56.81
1312,4.448
1031,52.633
3043,85.85
247,53.69
1595,84.53
3263,17.401
1500,96.68
1919,14.875
186,5.21
2455,87.354
2015,99.9
2056,32.385
2404,0.17
1622,39.58
2464,86.903
1075,99.99
2422,99.99
2779,54.778
1781,93.28
1655,3.494
32,78.013
2986,0.3
1124,58.839
2507,1.686
445,41.6
2998,49.89
464,7.15
3458,55.443
2179,99.86
1681,62.12
2314,82.65
1809,28.54
1946,22.443
2450,26.21
243,45.748
1704,99.0
401,32.6
2032,99.0
1984,49.76
3446,9.34
450,7.53
1227,72.97
3497,2.65
2703,83.173
2333,0.58
471,26.79
2534,1.663
3172,46.73
3016,88.27
1674,66.898
2385,47.93
2762,0.0
1787,0.588
1833,15.781
611,5.102
1407,99.99
3389,36.45
2969,62.49
2720,95.964
2122,49.033
2784,62.817
2441,67.799
3032,31.118
3367,87.8
2321,0.367
1218,50.244
1776,99.0
1498,0.0
3041,75.492
3068,1.34
2097,21.93
1729,67.125
540,1.08
110,82.21
1631,59.53
510,68.13
1613,92.019
1995,90.865
2790,80.48
2045,87.67
2092,24.025
2781,21.479
1719,13.701
1607,37.3
2932,32.551
78,48.46
2475,54.227
2317,49.454
1996,45.31
2470,99.0
313,28.498
2564,14.205
1307,89.982
911,73.95
697,1.214
2386,82.669
466,50.25
1019,30.572
363,28.49
1842,71.798
3262,80.656
1344,88.22
1360,70.2
2963,89.17
2069,88.38
2877,99.9
3429,73.111
1524,1.258
1034,0.201
83,62.58
79,92.326
662,99.57
1439,1.0
3407,45.02
919,37.354
1440,46.3
2821,1.593
2657,1.0
2466,85.55
2253,13.991
2376,97.7
808,13.601
1510,39.01
656,97.802
1921,76.575
1442,6.947
3303,51.04
858,19.472
1803,84.02
2499,3.965
2843,86.662
2533,26.24
844,44.69
833,58.12
1614,78.12
213,72.96
3067,51.475
131,99.99
439,59.162
2974,0.76
2421,4.4
1609,70.982
853,5.12
448,89.907
3341,10.938
2802,41.4
3189,66.691
3216,64.55
1727,99.0
103,76.729
523,99.9
1102,66.39
1821,90.27
1415,77.78
165,1.22
2985,53.646
907,67.11
2397,7.14
3456,23.9
2419,99.99
1860,41.071
2594,58.42
1741,1.838
395,6.103
625,33.545
695,58.144
947,2.34
761,68.736
2311,99.99
1383,80.62
2228,29.877
3393,99.34
1401,78.221
645,94.98
3236,57.74
2663,20.14
3418,81.168
1882,84.74
771,0.041
3139,1.34
51,7.63
2728,0.23
1375,56.93
1121,92.516
3180,23.82
1035,99.99
2451,79.388
2286,61.5
2145,92.7
2984,34.63
111,20.08
183,98.2
2517,10.718
613,99.99
2637,0.21
3282,52.522
1706,88.33
1557,92.18
3373,30.25
1711,3.079
1178,99.9
2129,24.322
397,13.34
1291,9.803
1630,82.92
3005,91.018
2699,99.99
1743,89.938
2136,75.909
2086,0.1
3350,99.99
2596,1.28
571,0.14
3495,1.79
3076,53.009
2677,22.546
2309,94.66
1534,64.97
3148,23.5
1874,99.0
356,7.375
608,95.01
239,99.9
3387,3.2
2940,55.821
2167,0.016
1814,16.783
374,88.452
3291,8.34
1937,78.141
1321,2.294
1125,68.526
3098,99.99
1527,1.0
2573,42.61
2819,62.35
729,74.95
2458,94.242
2495,30.05
1391,0.92
3121,46.953
1408,99.99
3178,7.56
2264,14.92
382,7.638
2747,53.82
1502,88.55
2768,90.798
3073,53.58
1320,74.204
2948,52.33
1233,12.62
2236,64.913
3204,0.33
681,70.619
2664,40.75
1274,91.29
2364,33.961
123,99.99
660,0.019
1796,59.354
2579,50.45
2303,99.9
1960,39.16
3056,99.99
230,0.11
901,79.803
2794,89.922
765,92.86
3079,75.593
2853,98.34
2428,98.68
2815,13.45
1745,35.09
787,99.0
2149,83.313
3243,3.921
2752,42.198
421,21.4
2871,76.048
1873,99.99
3198,33.01
2138,68.78
798,92.341
1870,13.649
2007,99.0
2571,2.28
626,52.47
495,90.091
2869,67.13
1616,27.41
1782,51.503
2206,3.203
1890,1.0
790,49.003
2557,46.503
3028,99.9
2414,49.814
3272,1.048
2276,31.453
3162,53.29
417,95.714
742,52.875
2127,52.92
1214,61.26
492,79.38
1909,89.192
1169,99.9
2608,94.49
1342,84.643
824,85.242
2887,80.95
2870,81.47
1481,7.97
3314,93.009
3305,43.726
3102,89.65
1024,75.33
2461,3.751
592,49.13
2964,88.89
3251,92.2
3153,88.33
2508,99.0
1797,99.0
2713,99.0
127,1.24
2959,22.014
2437,91.221
403,55.776
150,1.093
3370,1.21
2394,85.886
1437,32.688
1629,50.66
2831,99.99
2442,99.99
62,70.13
2336,0.62
2256,15.3
2544,80.185
2400,50.049
95,79.5
959,99.99
2191,39.008
3025,3.2
1576,98.66
2754,35.443
2153,19.86
236,40.076
222,99.0
3273,83.66
2393,73.549
1810,44.0
120,76.354
1685,99.0
2636,99.0
3496,2.77
2380,36.55
2639,0.32
193,12.29
2283,68.715
181,88.837
3135,99.99
389,8.738
968,58.066
3259,86.767
1545,40.7
669,66.96
3364,86.168
1365,96.51
1394,25.91
331,0.383
614,84.923
1286,90.901
266,22.461
1932,58.8
2199,47.99
2593,99.9
1807,99.99
225,31.1
105,17.326
2413,99.99
1508,4.243
3437,95.47
630,10.449
2068,0.836
870,72.68
2290,88.272
2098,2.331
1186,99.99
2489,0.965
1891,1.0
1755,2.943
1926,27.72
707,99.9
2822,67.47
2949,83.7
2349,1.75
2220,7.81
1688,0.24
284,46.48
1659,99.0
920,80.18
1433,48.84
3209,5.141
3265,20.33
734,99.99
1812,29.01
2392,67.1
2354,99.99
3462,22.46
922,30.091
1402,70.603
3280,99.99
167,2.54
2469,61.67
2273,12.0
3242,95.361
12,4.273
1546,80.13
617,27.879
1092,106.51
90,0.39
612,80.577
3163,9.1
1404,93.738
857,10.666
2878,99.734
777,16.162
1638,52.957
1986,92.28
2352,62.348
3309,74.739
28,54.218
1522,47.776
1066,99.9
1911,6.8
2538,92.6
74,72.384
515,84.999
1309,99.99
2609,1.741
2227,28.66
2002,76.63
2157,92.3
1584,135.336
1517,91.352
116,9.026
2341,90.166
1072,63.008
2691,69.53
1799,49.98
3173,58.334
2914,67.464
1600,91.96
622,77.137
3146,61.724
409,82.442
2684,5.91
1623,2.22
115,97.176
288,64.638
2907,84.373
1181,7.81
337,70.29
2687,85.75
46,39.943
747,76.95
3195,65.267
753,25.048
462,99.99
1938,23.95
673,18.886
2712,6.328
1201,68.055
3137,28.622
424,82.99
325,7.03
664,97.442
350,74.02
447,65.08
709,12.13
1924,13.714
1722,1.377
1221,0.011
2939,28.836
1149,56.93
387,25.206
1369,21.79
1337,80.709
754,49.152
2186,99.9
451,24.67
1194,0.34
699,99.99
2247,55.702
1608,77.57
830,49.8
950,57.16
3311,81.386
2444,76.75
1734,99.2
1413,1.62
1409,73.2
3475,25.967
3089,85.57
1177,0.28
3049,5.57
2006,55.634
1253,90.995
2477,96.966
21,51.664
1305,97.69
2814,16.422
2440,12.81
2298,94.33
3405,57.0
671,1.92
3279,76.805
1941,97.185
845,2.046
694,55.803
2885,99.9
1353,0.377
1133,2.8
869,12.224
604,62.701
834,76.28
2861,85.339
627,4.801
902,80.8
1747,99.9
2748,74.74
2051,50.79
2757,65.51
3464,6.719
321,99.9
696,89.984
1179,30.63
2778,67.5
624,37.51
3240,99.99
2173,4.53
1011,13.72
1480,99.99
1090,7.913
848,94.572
3048,45.8
780,99.99
605,3.13
174,93.81
1202,95.14
2269,85.441
2463,22.92
100,99.9
1243,88.179
741,0.0
334,0.26
2882,1.601
1705,67.96
2881,71.578
594,95.1
1333,99.99
2214,0.005
3384,0.061
1551,17.4
2919,16.27
1542,99.0
2968,59.944
327,99.99
1933,99.9
640,66.584
2152,83.29
2042,52.8
2863,99.9
1468,99.9
1838,14.452
3391,95.983
460,11.46
1046,80.753
1398,35.917
1562,86.17
1975,68.52
2633,1.87
419,0.16
738,97.86
1879,99.99
1389,65.07
1438,31.128
497,12.81
2750,3.06
375,7.325
975,18.378
1209,17.02
3078,99.9
404,75.239
2467,99.99
1425,3.358
93,42.46
1769,97.14
2221,99.0
2738,0.0
1849,34.54
827,4.817
428,60.322
1889,99.99
3006,66.85
3244,6.375
2766,0.54
282,43.152
2899,4.681
343,44.299
2683,9.232
2786,91.63
2547,12.141
1113,92.09
1574,92.535
691,70.72
0,50.68
1582,99.99
1707,21.69
1416,82.58
2021,63.906
2003,46.7
1993,99.0
1131,32.74
2304,5.327
1247,87.802
3104,81.05
2375,97.5
2150,63.29
2261,99.78
3491,85.31
1159,53.645
2900,51.48
246,1.39
3472,83.807
3136,74.74
2685,31.03
1671,84.76
929,91.0
3197,71.057
1461,9.84
1971,99.9
365,60.384
2296,99.0
736,99.99
26,21.6
2884,36.69
1441,99.0
3323,29.65
680,64.32
3064,91.192
1250,70.72
3,2.0
2182,70.2
837,62.488
2403,95.458
292,91.508
698,2.53
1048,77.207
3225,48.04
2417,72.29
3411,27.79
1667,42.09
1963,64.39
1249,99.0
2274,71.702
1298,15.46
1868,46.318
2387,99.9
1443,98.422
2671,93.63
603,70.851
1289,10.448
2502,55.77
63,36.757
1579,5.866
1883,7.225
990,78.47
1384,0.45
237,1.53
650,3.899
1967,3.06
112,53.72
1348,54.635
804,60.794
1556,86.96
577,34.78
1834,44.76
126,99.99
3112,70.304
3185,72.76
851,40.659
2742,99.9
2185,99.097
3141,94.429
7,25.121
2550,52.64
854,27.57
2995,64.18
2679,67.51
3325,30.138
2977,46.49
3175,43.449
407,99.99
3451,17.568
2405,99.0
153,99.834
1566,33.161
2391,0.18
2353,64.272
1004,99.99
2660,99.99
3096,70.6
280,22.322
3233,84.71
3442,99.99
400,89.94
1596,90.584
1497,99.9
2516,93.23
1479,78.52
1800,0.18
2009,89.17
504,99.0
2582,35.286
1744,99.99
903,98.601
2040,0.51
1672,11.65
550,51.1
1862,38.833
3394,1.0
1805,41.46
3147,51.88
1130,15.982
945,99.0
163,76.85
1660,0.233
1690,99.9
2384,75.73
2107,25.32
3375,1.386
1514,44.161
449,50.938
2903,31.52
941,40.7
2834,95.531
3301,2.25
1532,5.305
1847,99.9
437,99.99
1314,99.99
786,0.006
873,45.69
739,29.506
2867,9.01
1006,99.9
1844,58.9
586,8.758
1306,52.27
2989,42.07
348,32.27
2471,22.803
1028,83.628
1163,38.87
2511,18.13
3379,73.713
1541,17.08
2701,74.694
573,99.99
647,35.21
595,2.683
2938,69.97
1251,0.648
1558,99.9
1308,45.0
470,60.4
800,99.99
281,25.279
932,55.18
732,0.43
2763,82.462
2880,54.93
2999,83.95
3183,89.455
1144,13.489
1617,66.78
3085,0.0
3126,99.9
2503,11.234
584,88.92
2195,99.0
160,44.264
1111,64.328
2798,21.53
1915,97.37
859,35.86
952,42.71
3420,1.32
1331,88.49
1219,48.437
1215,0.05
2676,46.03
606,2.897
164,94.51
2154,99.0
1040,14.06
1978,4.12
2665,84.517
3348,6.536
329,0.07
2011,77.38
2528,31.2
2546,1.0
3368,80.5
1429,99.99
3230,99.99
2141,47.46
809,46.76
433,11.04
1107,88.795
2091,71.679
860,8.37
274,54.361
967,69.324
2758,16.873
3454,15.189
2139,30.79
1346,0.22
2813,8.43
885,99.0
556,71.39
908,67.12
1381,99.99
2117,35.428
2562,27.834
509,89.211
2388,9.17
221,41.304
1297,30.09
146,46.793
1777,23.868
1053,34.08
1822,15.12
2851,2.84
508,24.08
323,0.41
1561,95.472
176,29.74
2852,99.0
1908,31.248
168,1.0
1400,64.922
3421,2.55
1392,5.95
2257,4.34
2177,54.86
2237,87.1
136,1.0
1470,18.86
3152,95.73
1278,3.503
1973,10.82
894,3.06
197,36.57
2338,76.4
1483,76.3
1792,26.71
2084,99.9
767,83.19
2280,98.378
2693,90.13
2081,0.73
1112,36.716
3376,22.408
2850,99.9
3116,0.034
865,72.393
2389,54.51
1085,71.47
1447,6.647
199,5.3
429,84.35
3471,99.833
1823,12.59
1795,14.913
2924,10.648
1970,3.15
730,18.2
2967,99.9
297,71.04
2121,3.164
807,81.465
2595,99.9
1565,61.69
2997,82.13
1172,99.9
3327,46.83
3334,61.58
821,74.292
2711,51.084
1241,24.61
1563,12.34
3318,18.349
623,35.92
1445,82.55
1718,38.62
1162,25.15
2260,48.11
1640,82.926
3083,94.7
3332,21.5
2603,97.982
2775,91.79
2749,64.218
1022,15.17
1750,0.96
291,1.9
2022,86.99
1740,2.85
2282,99.9
1007,1.82
3026,13.369
67,38.47
24,1.36
216,87.78
2860,82.293
1910,99.99
2783,57.841
1153,99.99
2159,99.0
166,99.0
3419,0.04
207,76.112
2322,45.01
2089,34.93
591,95.89
1176,34.03
1720,99.99
1863,77.868
525,53.91
2335,36.628
469,97.666
1350,78.483
2169,38.38
2811,49.388
1531,77.29
928,94.358
1896,0.75
2721,79.975
1619,0.006
1469,62.047
1141,6.92
2934,87.0
1913,0.58
956,35.36
1488,83.51
25,0.07
1134,65.209
2197,97.1
925,55.845
3224,0.058
1552,0.023
2744,17.364
843,71.82
1645,81.242
2937,31.08
2646,45.01
1020,74.11
2187,25.72
749,62.709
3052,6.407
2371,14.78
180,99.9
1272,73.643
2498,95.16
1434,82.77
607,95.648
3091,3.78
1352,7.76
2344,23.5
1904,9.912
1899,18.92
3298,0.117
94,49.31
770,33.682
637,99.0
1304,57.465
2334,0.009
2536,95.16
2492,6.672
1208,67.6
1395,84.02
1578,49.064
1198,88.383
275,68.2
2854,90.483
1152,69.59
1206,0.32
2080,20.554
1104,92.85
307,99.9
2818,0.881
2059,7.81
872,99.9
3115,99.9
86,99.9
2826,47.743
3108,67.265
2753,44.65
3130,92.291
3113,0.52
2830,99.0
1435,80.49
2610,99.99
209,1.18
3220,99.0
2787,52.738
1966,86.283
2642,80.9
1987,99.9
2171,94.69
2782,99.99
931,77.89
2146,99.99
2425,38.248
130,12.44
1723,47.51
2071,28.35
954,64.068
555,12.442
2418,73.777
1930,8.448
1536,0.0
2431,99.99
201,51.156
2965,84.62
2023,6.759
368,1.301
973,87.936
1634,14.59
2435,65.86
816,2.54
1954,99.99
1316,0.273
1905,0.0
256,18.11
3269,7.393
3167,3.399
1472,99.0
1699,95.237
2217,4.28
1605,99.99
1329,67.138
560,3.27
1877,83.86
373,99.9
2957,80.388
2767,64.632
2839,40.675
3002,5.667
3299,99.9
1684,61.53
1167,99.9
2024,1.26
1204,32.29
2916,0.89
972,69.756
1155,74.618
2036,25.5
3450,8.092
1071,21.17
3012,44.928
774,80.3
324,99.99
2251,3.222
84,51.74
2681,0.224
2956,11.88
1589,85.58
2659,6.429
2446,92.21
1920,98.78
91,99.99
3154,20.24
430,1.67
2827,39.885
3191,68.34
2339,4.414
2105,60.7
1345,94.97
257,99.0
888,23.65
3448,99.99
1466,49.139
3114,17.121
1641,23.46
388,25.82
2383,21.26
273,23.024
756,99.99
1925,9.8
3125,3.9
1956,84.046
3438,0.504
2176,89.5
802,20.4
2076,8.23
1207,99.99
2930,99.99
2558,60.136
2723,78.585
151,99.99
2292,63.08
714,4.262
2591,88.313
544,44.667
639,50.55
2745,87.02
3337,99.357
3360,99.99
423,33.37
2958,65.99
3219,10.41
659,0.027
797,85.0
3467,4.992
3249,57.59
2008,3.48
99,1.32
2898,62.03
2496,5.29
1871,45.336
2046,77.539
755,20.58
976,54.42
2163,82.265
1940,57.23
2825,91.53
2120,39.905
2893,24.38
537,2.21
1701,3.495
2897,2.795
2222,14.59
2135,2.618
2599,74.72
705,27.23
2362,37.769
3468,27.286
2648,80.273
3142,8.86
2647,3.06
1828,37.815
1778,54.7
277,32.32
1033,99.99
3431,0.0
1731,84.53
763,48.057
835,8.41
3264,99.0
1653,69.04
2607,1.649
2732,80.04
